attempt,profile,scenario,ttft_p50_s,ttft_p95_s,e2e_p50_s,decode_interval_mean_s,requests,errors
p2-r4,P2,fresh,5.740522674052045,5.740522674052045,7.521349614020437,0.0069836350586995775,3,0
p2-r4,P2,mixed,3.1557493079453707,7.133439372153951,10.18071258906275,0.024377944858885614,21,0
p2-r4,P2,constant,1.3457852490246296,2.4914699390064925,20.838848459068686,0.08016934962470884,243,0
p2-r4,P2,burst,4.781492423964664,9.94219517284073,16.767441699048504,0.04337154481103461,120,0
p2-r4,P2,repeated,2.8911207715282217,3.917311774578411,11.769064447027631,0.033273360137051594,240,0
p3-r1,P3,fresh,5.708429499063641,5.708429499063641,7.838400787906721,0.007514088022906114,3,0
p3-r1,P3,mixed,3.124591293046251,7.033182200114241,9.529855908127502,0.023522268412817342,21,0
p3-r1,P3,constant,1.27802011417225,2.2977083090227097,18.60223857499659,0.08062710989314203,243,0
p3-r1,P3,burst,4.732954734470695,9.647342840395869,16.59949246107135,0.04300894812295013,120,0
p3-r1,P3,repeated,2.749497214332223,3.9756640398176386,11.448121127672493,0.03343540449848161,240,0
p4-r1,P4,fresh,14.14983150921762,14.14983150921762,15.357365865958855,0.006762920564734468,3,0
p4-r1,P4,mixed,8.80404348904267,19.16462051731068,21.576851436169818,0.046125877877770394,21,0
p4-r1,P4,constant,3.054828008171171,11.328228652011603,28.688361421925947,0.09652584757754154,243,0
p4-r1,P4,burst,11.949649515911005,23.917628795758354,29.099574703141116,0.06760051561583418,120,0
p4-r1,P4,repeated,5.612242479575798,8.631725761992858,14.867791969911195,0.03488133863262905,240,0
p5-r1,P5,fresh,5.670670950086787,5.670670950086787,7.205516466870904,0.006019002026604379,3,0
p5-r1,P5,mixed,3.054850345943123,7.0180613738019,9.919505598023534,0.024016104756230984,21,0
p5-r1,P5,constant,1.2310329170431942,2.3675659149885178,19.52502254792489,0.08052870097379168,243,0
p5-r1,P5,burst,4.726182345417328,9.667492755863348,16.726277643465437,0.043711997752703326,120,0
p5-r1,P5,repeated,2.6956105994759127,3.8552533952984955,11.223537035984918,0.03274284801891019,240,0
p6graph-r1,P6 graph,fresh,11.241900092922151,11.241900092922151,12.85385338589549,0.006321385462640547,3,0
p6graph-r1,P6 graph,mixed,6.056721088010818,13.66735851122066,16.582540788920596,0.0376024177424474,21,0
p6graph-r1,P6 graph,constant,2.759578718803823,6.871068665990606,21.161533801117912,0.07503075089566708,243,0
p6graph-r1,P6 graph,burst,9.057703151018359,18.756815105420536,23.48424874758348,0.05638956336128781,120,0
p6graph-r1,P6 graph,repeated,4.607847752049565,7.01653101433767,13.373615741031244,0.033712069328963375,240,0
p6buckets-r1,P6 buckets,fresh,5.657740256050602,5.657740256050602,7.334197076968849,0.006672208639336567,3,0
p6buckets-r1,P6 buckets,mixed,3.140744827222079,7.095168730011208,9.96461840509437,0.023795535581718597,21,0
p6buckets-r1,P6 buckets,constant,1.0064419019035995,1.44350072205998,15.751361303962767,0.06333711648832657,243,0
p6buckets-r1,P6 buckets,burst,4.491446832427755,9.520764045242684,16.329210856580175,0.04282512793646139,120,0
p6buckets-r1,P6 buckets,repeated,2.734043928096071,3.9645396366599015,11.345788925420493,0.03268943540890035,240,0
p8-expertlayout-r1,P8,fresh,5.048564120195806,5.048564120195806,6.68640693416819,0.006422912995970132,3,0
p8-expertlayout-r1,P8,mixed,2.6989568769931793,6.276933013950472,9.16582446405664,0.02220345380003838,21,0
p8-expertlayout-r1,P8,constant,0.942825524834916,1.5763842570595443,15.088150675874203,0.06548997045926798,243,0
p8-expertlayout-r1,P8,burst,4.276895636576228,8.77733177775517,15.741477104020305,0.04212559982846655,120,0
p8-expertlayout-r1,P8,repeated,2.609735769452527,3.5408392580109647,11.010591415106319,0.032709179745242914,240,0
p9-padids-r1,P9,fresh,5.002202551113442,5.002202551113442,7.153449616162106,0.00819286226714943,3,0
p9-padids-r1,P9,mixed,2.60341376112774,6.241522628674282,8.777221238007769,0.022149961274404193,21,0
p9-padids-r1,P9,constant,0.9660337460227311,1.5067426948808134,15.287853226996958,0.06479730944165428,243,0
p9-padids-r1,P9,burst,4.151813233969733,8.63876413553953,15.949278658954427,0.04256349555193903,120,0
p9-padids-r1,P9,repeated,2.5591026480542496,3.5043927227612586,10.712157896021381,0.03169100114498196,240,0
p10-streamk-r1,P10,fresh,4.937126970151439,4.937126970151439,7.367416576016694,0.009415467039627187,3,0
p10-streamk-r1,P10,mixed,2.475462222006172,5.98476448592264,8.131114557152614,0.019607799758232024,21,0
p10-streamk-r1,P10,constant,0.8983977870084345,1.6741446589585394,15.25719152088277,0.06366597525852084,243,0
p10-streamk-r1,P10,burst,4.369032811024226,8.865666600747499,15.754673184012063,0.04153992205276154,120,0
p10-streamk-r1,P10,repeated,2.6614108219509944,3.540332729683723,11.017360082478262,0.03205019138231828,240,0
