attempt,profile,scenario,ttft_p50_s,ttft_p95_s,e2e_p50_s,decode_interval_mean_s,requests,errors
p2-r4,P2: adaptive,fresh,5.740522674052045,5.740522674052045,7.521349614020437,0.0069836350586995775,3,0
p2-r4,P2: adaptive,mixed,3.1557493079453707,7.133439372153951,10.18071258906275,0.024377944858885614,21,0
p2-r4,P2: adaptive,constant,1.3457852490246296,2.4914699390064925,20.838848459068686,0.08016934962470884,243,0
p2-r4,P2: adaptive,burst,4.781492423964664,9.94219517284073,16.767441699048504,0.04337154481103461,120,0
p2-r4,P2: adaptive,repeated,2.8911207715282217,3.917311774578411,11.769064447027631,0.033273360137051594,240,0
p3-r1,P3: compact,fresh,5.708429499063641,5.708429499063641,7.838400787906721,0.007514088022906114,3,0
p3-r1,P3: compact,mixed,3.124591293046251,7.033182200114241,9.529855908127502,0.023522268412817342,21,0
p3-r1,P3: compact,constant,1.27802011417225,2.2977083090227097,18.60223857499659,0.08062710989314203,243,0
p3-r1,P3: compact,burst,4.732954734470695,9.647342840395869,16.59949246107135,0.04300894812295013,120,0
p3-r1,P3: compact,repeated,2.749497214332223,3.9756640398176386,11.448121127672493,0.03343540449848161,240,0
p4-r1,P4: Q-stream,fresh,14.14983150921762,14.14983150921762,15.357365865958855,0.006762920564734468,3,0
p4-r1,P4: Q-stream,mixed,8.80404348904267,19.16462051731068,21.576851436169818,0.046125877877770394,21,0
p4-r1,P4: Q-stream,constant,3.054828008171171,11.328228652011603,28.688361421925947,0.09652584757754154,243,0
p4-r1,P4: Q-stream,burst,11.949649515911005,23.917628795758354,29.099574703141116,0.06760051561583418,120,0
p4-r1,P4: Q-stream,repeated,5.612242479575798,8.631725761992858,14.867791969911195,0.03488133863262905,240,0
p5-r1,P5: pipelined,fresh,5.670670950086787,5.670670950086787,7.205516466870904,0.006019002026604379,3,0
p5-r1,P5: pipelined,mixed,3.054850345943123,7.0180613738019,9.919505598023534,0.024016104756230984,21,0
p5-r1,P5: pipelined,constant,1.2310329170431942,2.3675659149885178,19.52502254792489,0.08052870097379168,243,0
p5-r1,P5: pipelined,burst,4.726182345417328,9.667492755863348,16.726277643465437,0.043711997752703326,120,0
p5-r1,P5: pipelined,repeated,2.6956105994759127,3.8552533952984955,11.223537035984918,0.03274284801891019,240,0
