run,scenario,requests,errors,ttft_p50_s,ttft_p95_s,e2e_p50_s,decode_interval_mean_s,request_window_output_tps
00-mixed-r1,mixed,7,0,3.6188060250133276,7.823996538878417,10.756676184013486,0.025020808968510406,145.584187927139
01-fresh-r1,fresh,1,0,5.773689408088103,5.773689408088103,7.923847873928025,0.00843199398368597,32.30753594378323
02-constant-r1,constant,81,0,1.0589303721208125,1.6309197850059718,16.405761471949518,0.06333711648832657,435.2536540611112
03-burst-r1,burst,40,0,4.418403614428826,9.632638500723989,16.270781364059076,0.04282512793646139,568.9883579521669
04-repeated-r1,repeated,80,0,2.9215009243926033,4.35457133060554,11.345788925420493,0.03268943540890035,
05-fresh-r2,fresh,1,0,5.657740256050602,5.657740256050602,7.316416636109352,0.006504613255132355,34.989806175955145
06-mixed-r2,mixed,7,0,3.140744827222079,7.095168730011208,9.96461840509437,0.023795535581718597,160.84415278096208
07-constant-r2,constant,81,0,0.8052184800617397,1.39219231903553,15.416813052957878,0.06258358154283565,410.22103242704077
08-burst-r2,burst,40,0,4.5463065629592165,9.520764045242684,16.329210856580175,0.042766502904340475,554.9494412693742
09-repeated-r2,repeated,80,0,2.734043928096071,3.8642175146262163,10.652305559953675,0.030729532206668426,
10-fresh-r3,fresh,1,0,5.632783873938024,5.632783873938024,7.334197076968849,0.006672208639336567,34.90497968808363
11-mixed-r3,mixed,7,0,3.0454444179777056,6.996832163026554,9.121928463922814,0.021054287894083715,166.63488936809009
12-constant-r3,constant,81,0,1.0064419019035995,1.44350072205998,15.751361303962767,0.06412087904861549,433.5176405189
13-burst-r3,burst,40,0,4.491446832427755,9.156427170580717,16.83984769694507,0.044954361715696424,550.66157883017
14-repeated-r3,repeated,80,0,2.720740929013118,3.9645396366599015,11.40304047986865,0.0333253560363379,
