run,scenario,requests,errors,ttft_p50_s,ttft_p95_s,e2e_p50_s,decode_interval_mean_s,request_window_output_tps
00-mixed-r1,mixed,7,0,6.726273137144744,14.625572245824147,16.582540788920596,0.03830387352871857,91.55877981335074
01-fresh-r1,fresh,1,0,11.241900092922151,11.241900092922151,12.85385338589549,0.006321385462640547,19.916206628037965
02-constant-r1,constant,81,0,3.0973058119416237,8.932397021912038,22.732446412090212,0.07600812033383314,342.0693169118511
03-burst-r1,burst,40,0,9.057703151018359,18.688142136356326,23.48424874758348,0.05638956336128781,390.2558593792974
04-repeated-r1,repeated,80,0,4.7139535730239,7.13492633238202,13.336045289528556,0.03286312710693535,
05-fresh-r2,fresh,1,0,11.222078423015773,11.222078423015773,12.809172992128879,0.0062239002710317865,19.98567746390104
06-mixed-r2,mixed,7,0,6.012439205078408,13.640846367948685,15.769716289825737,0.03625629973292601,99.55135008098762
07-constant-r2,constant,81,0,2.7475998769514263,6.843950637150556,21.161533801117912,0.07372599571645241,357.3385523326568
08-burst-r2,burst,40,0,9.181201253435574,19.04698417292675,25.1827638206305,0.05868719802644359,379.9404228515447
09-repeated-r2,repeated,80,0,4.572545267059468,6.807465966802556,13.373615741031244,0.034980097640563694,
10-fresh-r3,fresh,1,0,11.329106408171356,11.329106408171356,13.062650961102918,0.006798213933064949,19.597859635253176
11-mixed-r3,mixed,7,0,6.056721088010818,13.66735851122066,16.74036733014509,0.0376024177424474,99.25780696532851
12-constant-r3,constant,81,0,2.759578718803823,6.871068665990606,20.61808421299793,0.07503075089566708,355.5344473012758
13-burst-r3,burst,40,0,8.984458074439317,18.756815105420536,23.008092807489447,0.05533668909813095,393.3235321017039
14-repeated-r3,repeated,80,0,4.607847752049565,7.01653101433767,13.510563768912107,0.033712069328963375,
